{
"name" : "zandbokz",
"imgdefs" : [
  {
    "name" : "bloodbarrel",
    "frameTime" : 10000,
    "frameAmount" : 24,
    "region" : [1541, 0.0, 67.0, 120.0],
    "regionOffset" : [-67.0, 0.0],
    "texCoord" : [0.9583333, 0.0 , 0.041666667, 1.0],
    "texCoordOffset" : [-0.041666667, 0.0]
  }
]
}
