{
"name" : "zandbokz",
"imgdefs" : [
  {
    "name" : "vida",
    "frameTime" : 10000,
    "frameAmount" : 24,
    "region" : [0.0, 4140.0, 680.0, 180.0],
    "regionOffset" : [0.0, 180.0],
    "texCoord" : [0.0, 0.9583333, 1.0,0.041666667],
    "texCoordOffset" : [0.0, -0.041666667]
  }
]
}
